record_type,schema_version,character_name,character_tagline,character_description,health,mana,rage,speed,slot,unlock_level,name,definition,activation_type,cast_time,cooldown,range_type,target_area,element,path,animation,use_weapon_animation,health_cost,mana_cost,rage_cost,description,effect_1_type,effect_1_value,effect_1_duration,effect_2_type,effect_2_value,effect_2_duration,effect_3_type,effect_3_value,effect_3_duration,effect_4_type,effect_4_value,effect_4_duration,effect_5_type,effect_5_value,effect_5_duration,effect_6_type,effect_6_value,effect_6_duration,effect_7_type,effect_7_value,effect_7_duration,effect_8_type,effect_8_value,effect_8_duration
SCHEMA,2,text; required; max 20 UTF-8 bytes,max 80 UTF-8 bytes; blank preserves base; <blank> erases,max 200 UTF-8 bytes; blank preserves base; <blank> erases,number > 0,number >= 0,number >= 0,number >= 0,unique integer 1-12,integer >= 1,text; required; max 20 UTF-8 bytes,Attack|Heal|Buff|Debuff|<blank>,Instant,seconds: 0|0.5|1|2|3|4|5,seconds: 1|2|3|4|5|10|30|60,Self|Melee|Missile|number >= 0,Single|Small Area|Large Area|number >= 0,Physical|Light|Dark|Fire|Ice|Water|Electric|Earth,Arc|Ballistic|Straight|Missile|Skybeam,attack|attackdouble|attackheavy|attackspin|attackheadbutt|cast|castcharge|castswish|castforce,true|false,number >= 0,number >= 0,number >= 0,max 200 UTF-8 bytes; <blank> erases; blank preserves base PNG,Damage|Heal|Damage Over Time|Heal Over Time|Drain Mana|Charge Mana|Drain Mana Over Time|Charge Mana Over Time|Reduce Rage|Generate Rage|Drain Rage Over Time|Generate Rage Over Time|Siphon Health|Siphon Mana|Siphon Rage|Slow|Root In Place|Stun|Protect|Weaken|Taunt,number >= 0,seconds >= 0; required for timed/control/protect,Damage|Heal|Damage Over Time|Heal Over Time|Drain Mana|Charge Mana|Drain Mana Over Time|Charge Mana Over Time|Reduce Rage|Generate Rage|Drain Rage Over Time|Generate Rage Over Time|Siphon Health|Siphon Mana|Siphon Rage|Slow|Root In Place|Stun|Protect|Weaken|Taunt,number >= 0,seconds >= 0; required for timed/control/protect,Damage|Heal|Damage Over Time|Heal Over Time|Drain Mana|Charge Mana|Drain Mana Over Time|Charge Mana Over Time|Reduce Rage|Generate Rage|Drain Rage Over Time|Generate Rage Over Time|Siphon Health|Siphon Mana|Siphon Rage|Slow|Root In Place|Stun|Protect|Weaken|Taunt,number >= 0,seconds >= 0; required for timed/control/protect,Damage|Heal|Damage Over Time|Heal Over Time|Drain Mana|Charge Mana|Drain Mana Over Time|Charge Mana Over Time|Reduce Rage|Generate Rage|Drain Rage Over Time|Generate Rage Over Time|Siphon Health|Siphon Mana|Siphon Rage|Slow|Root In Place|Stun|Protect|Weaken|Taunt,number >= 0,seconds >= 0; required for timed/control/protect,Damage|Heal|Damage Over Time|Heal Over Time|Drain Mana|Charge Mana|Drain Mana Over Time|Charge Mana Over Time|Reduce Rage|Generate Rage|Drain Rage Over Time|Generate Rage Over Time|Siphon Health|Siphon Mana|Siphon Rage|Slow|Root In Place|Stun|Protect|Weaken|Taunt,number >= 0,seconds >= 0; required for timed/control/protect,Damage|Heal|Damage Over Time|Heal Over Time|Drain Mana|Charge Mana|Drain Mana Over Time|Charge Mana Over Time|Reduce Rage|Generate Rage|Drain Rage Over Time|Generate Rage Over Time|Siphon Health|Siphon Mana|Siphon Rage|Slow|Root In Place|Stun|Protect|Weaken|Taunt,number >= 0,seconds >= 0; required for timed/control/protect,Damage|Heal|Damage Over Time|Heal Over Time|Drain Mana|Charge Mana|Drain Mana Over Time|Charge Mana Over Time|Reduce Rage|Generate Rage|Drain Rage Over Time|Generate Rage Over Time|Siphon Health|Siphon Mana|Siphon Rage|Slow|Root In Place|Stun|Protect|Weaken|Taunt,number >= 0,seconds >= 0; required for timed/control/protect,Damage|Heal|Damage Over Time|Heal Over Time|Drain Mana|Charge Mana|Drain Mana Over Time|Charge Mana Over Time|Reduce Rage|Generate Rage|Drain Rage Over Time|Generate Rage Over Time|Siphon Health|Siphon Mana|Siphon Rage|Slow|Root In Place|Stun|Protect|Weaken|Taunt,number >= 0,seconds >= 0; required for timed/control/protect
CHARACTER,2,New Class,,,20,10,0,5,,,,,,,,,,,,,,,,,,,,,,,,,,,,,,,,,,,,,,,,,
REFERENCE,2,,,,,,,,,,Effect reference 1/3,,,,,,,,,,,,,,Do not turn this row into a skill. Use these exact names and rules in SKILL effect triplets.,Damage,health amount,0; Remove health from the target immediately.,Heal,health amount,0; Restore health to the target immediately.,Damage Over Time,health amount over duration,> 0 seconds; Damage the target over the entered duration.,Heal Over Time,health amount over duration,> 0 seconds; Heal the target over the entered duration.,Drain Mana,mana amount,0; Remove mana from the target immediately.,Charge Mana,mana amount,0; Give mana to the target immediately.,Drain Mana Over Time,mana amount over duration,> 0 seconds; Remove mana from the target over time.,,,
REFERENCE,2,,,,,,,,,,Effect reference 2/3,,,,,,,,,,,,,,Do not turn this row into a skill. Use these exact names and rules in SKILL effect triplets.,Charge Mana Over Time,mana amount over duration,> 0 seconds; Give mana to the target over time.,Reduce Rage,rage amount,0; Remove rage from the target immediately.,Generate Rage,rage amount,0; Give rage to the target immediately.,Drain Rage Over Time,rage amount over duration,> 0 seconds; Remove rage from the target over time.,Generate Rage Over Time,rage amount over duration,> 0 seconds; Give rage to the target over time.,Siphon Health,health amount,0; Drain health from the target and return it to the user.,Siphon Mana,mana amount,0; Drain mana from the target and return it to the user.,,,
REFERENCE,2,,,,,,,,,,Effect reference 3/3,,,,,,,,,,,,,,Do not turn this row into a skill. Use these exact names and rules in SKILL effect triplets.,Siphon Rage,rage amount,0; Drain rage from the target and return it to the user.,Slow,0 (ignored; no percentage),> 0 seconds; Slow the target for the duration; the game exposes duration only.,Root In Place,0 (ignored),> 0 seconds; Prevent the target from moving for the duration.,Stun,0 (ignored),> 0 seconds; Prevent the target from acting for the duration.,Protect,protection percentage,> 0 seconds; Reduce damage received by the target for the duration.,Weaken,weakening percentage,> 0 seconds; Increase damage received by the target for the duration.,Taunt,0 (ignored),> 0 seconds; Force/encourage the target to attack the user for the duration.,,,
SKILL,2,,,,,,,,1,1,Skill 1,Attack,Instant,0,1,Melee,Single,Physical,Arc,attack,true,0,0,0,,Damage,1,0,,,,,,,,,,,,,,,,,,,,,
SKILL,2,,,,,,,,2,1,Skill 2,Attack,Instant,0,1,Melee,Single,Physical,Arc,attack,true,0,0,0,,Damage,1,0,,,,,,,,,,,,,,,,,,,,,
SKILL,2,,,,,,,,3,2,Skill 3,Attack,Instant,0,1,Melee,Single,Physical,Arc,attack,true,0,0,0,,Damage,1,0,,,,,,,,,,,,,,,,,,,,,
SKILL,2,,,,,,,,4,4,Skill 4,Attack,Instant,0,1,Melee,Single,Physical,Arc,attack,true,0,0,0,,Damage,1,0,,,,,,,,,,,,,,,,,,,,,
SKILL,2,,,,,,,,5,6,Skill 5,Attack,Instant,0,1,Melee,Single,Physical,Arc,attack,true,0,0,0,,Damage,1,0,,,,,,,,,,,,,,,,,,,,,
SKILL,2,,,,,,,,6,8,Skill 6,Attack,Instant,0,1,Melee,Single,Physical,Arc,attack,true,0,0,0,,Damage,1,0,,,,,,,,,,,,,,,,,,,,,
SKILL,2,,,,,,,,7,10,Skill 7,Attack,Instant,0,1,Melee,Single,Physical,Arc,attack,true,0,0,0,,Damage,1,0,,,,,,,,,,,,,,,,,,,,,
SKILL,2,,,,,,,,8,12,Skill 8,Attack,Instant,0,1,Melee,Single,Physical,Arc,attack,true,0,0,0,,Damage,1,0,,,,,,,,,,,,,,,,,,,,,
SKILL,2,,,,,,,,9,14,Skill 9,Attack,Instant,0,1,Melee,Single,Physical,Arc,attack,true,0,0,0,,Damage,1,0,,,,,,,,,,,,,,,,,,,,,
SKILL,2,,,,,,,,10,16,Skill 10,Attack,Instant,0,1,Melee,Single,Physical,Arc,attack,true,0,0,0,,Damage,1,0,,,,,,,,,,,,,,,,,,,,,
SKILL,2,,,,,,,,11,18,Skill 11,Attack,Instant,0,1,Melee,Single,Physical,Arc,attack,true,0,0,0,,Damage,1,0,,,,,,,,,,,,,,,,,,,,,
SKILL,2,,,,,,,,12,20,Skill 12,Attack,Instant,0,1,Melee,Single,Physical,Arc,attack,true,0,0,0,,Damage,1,0,,,,,,,,,,,,,,,,,,,,,
